INSERT INTO regions (id, name_uz, name_ru, name_en, slug, created_at, updated_at, deleted_at)
VALUES
    ('89951fc3-2125-4151-a42f-e4393a2737b2', 'Toshkent viloyati', 'Ташкентская область', 'Tashkent Region', 'tashkent-region', NOW(), NOW(), NULL),
    ('34d28d86-1003-4530-ab0c-9cb837d597bf', 'Samarqand viloyati', 'Самаркандская область', 'Samarkand Region', 'samarkand-region', NOW(), NOW(), NULL),
    ('ce943de6-70c0-45cc-a545-ddad8f742551', 'Buxoro viloyati', 'Бухарская область', 'Bukhara Region', 'bukhara-region', NOW(), NOW(), NULL),
    ('33a66b3a-c5eb-4b5f-96cd-a790b0fa2078', 'Farg''ona viloyati', 'Ферганская область', 'Fergana Region', 'fergana-region', NOW(), NOW(), NULL)
ON CONFLICT (slug) DO UPDATE
SET
    name_uz = EXCLUDED.name_uz,
    name_ru = EXCLUDED.name_ru,
    name_en = EXCLUDED.name_en,
    updated_at = NOW(),
    deleted_at = NULL;

INSERT INTO cities (id, region_id, name_uz, name_ru, name_en, slug, created_at, updated_at, deleted_at)
VALUES
    ('a9b738d2-6932-4817-8f40-3030299213c6', '89951fc3-2125-4151-a42f-e4393a2737b2', 'Toshkent', 'Ташкент', 'Tashkent', 'tashkent', NOW(), NOW(), NULL),
    ('2b4fef09-c105-4f57-8cb5-e45b39771ac6', '34d28d86-1003-4530-ab0c-9cb837d597bf', 'Samarqand', 'Самарканд', 'Samarkand', 'samarkand', NOW(), NOW(), NULL),
    ('44af7d74-b713-42aa-b35d-e6c70a615640', 'ce943de6-70c0-45cc-a545-ddad8f742551', 'Buxoro', 'Бухара', 'Bukhara', 'bukhara', NOW(), NOW(), NULL),
    ('8df4128b-9544-4f96-b451-7453d6b3a2c3', '33a66b3a-c5eb-4b5f-96cd-a790b0fa2078', 'Farg''ona', 'Фергана', 'Fergana', 'fergana', NOW(), NOW(), NULL)
ON CONFLICT ON CONSTRAINT uq_city_region_slug DO UPDATE
SET
    name_uz = EXCLUDED.name_uz,
    name_ru = EXCLUDED.name_ru,
    name_en = EXCLUDED.name_en,
    updated_at = NOW(),
    deleted_at = NULL;

INSERT INTO users (
    id,
    telegram_id,
    first_name,
    last_name,
    username,
    photo_url,
    phone,
    email,
    status,
    language_code,
    time_zone,
    last_login_at,
    created_at,
    updated_at,
    deleted_at
)
VALUES
    (
        '092ceb17-bcbb-42e7-9b0b-81456a49e82f',
        777000111,
        'Premium',
        'Host',
        'premium_host',
        'https://images.unsplash.com/photo-1544723795-3fb6469f5b39?auto=format&fit=crop&w=200&q=80',
        '+998901112233',
        'host1@premiumhouse.uz',
        'active',
        'uz',
        'Asia/Tashkent',
        NOW(),
        NOW(),
        NOW(),
        NULL
    ),
    (
        'd21dc749-9708-4eda-b7d6-b180438e2fc3',
        777000222,
        'Luxury',
        'Host',
        'luxury_host',
        'https://images.unsplash.com/photo-1557862921-37829c790f19?auto=format&fit=crop&w=200&q=80',
        '+998907778899',
        'host2@premiumhouse.uz',
        'active',
        'uz',
        'Asia/Tashkent',
        NOW(),
        NOW(),
        NOW(),
        NULL
    )
ON CONFLICT (telegram_id) DO UPDATE
SET
    first_name = EXCLUDED.first_name,
    last_name = EXCLUDED.last_name,
    username = EXCLUDED.username,
    photo_url = EXCLUDED.photo_url,
    phone = EXCLUDED.phone,
    email = EXCLUDED.email,
    status = EXCLUDED.status,
    language_code = EXCLUDED.language_code,
    time_zone = EXCLUDED.time_zone,
    last_login_at = NOW(),
    updated_at = NOW(),
    deleted_at = NULL;

INSERT INTO user_roles (id, user_id, role_id, created_at, updated_at, deleted_at)
SELECT
    gen_random_uuid(),
    u.id,
    r.id,
    NOW(),
    NOW(),
    NULL
FROM users AS u
CROSS JOIN roles AS r
WHERE
    u.telegram_id IN (777000111, 777000222)
    AND r.code = 'host'
ON CONFLICT ON CONSTRAINT uq_user_role DO NOTHING;

INSERT INTO properties (
    id,
    host_id,
    region_id,
    city_id,
    title,
    description,
    address,
    latitude,
    longitude,
    property_type,
    capacity,
    rooms,
    bathrooms,
    price_per_night,
    currency,
    cleaning_fee,
    service_fee,
    cancellation_policy,
    house_rules,
    average_rating,
    review_count,
    status,
    created_at,
    updated_at,
    deleted_at
)
VALUES
    (
        '44358eb3-0508-4436-b0d6-b8e51c97b281',
        '092ceb17-bcbb-42e7-9b0b-81456a49e82f',
        '89951fc3-2125-4151-a42f-e4393a2737b2',
        'a9b738d2-6932-4817-8f40-3030299213c6',
        'Skyline Apartment',
        'Modern apartment with skyline view and metro access in central Tashkent.',
        'Yunusobod district, Tashkent',
        41.3324,
        69.2871,
        'apartment',
        4,
        2,
        1,
        650000,
        'UZS',
        120000,
        90000,
        'Free cancellation within 48 hours.',
        'No smoking. Quiet hours after 22:00.',
        4.8,
        26,
        'active',
        NOW(),
        NOW(),
        NULL
    ),
    (
        '236f0f39-bf4b-4f5c-9c55-5a82217e15fb',
        '092ceb17-bcbb-42e7-9b0b-81456a49e82f',
        '34d28d86-1003-4530-ab0c-9cb837d597bf',
        '2b4fef09-c105-4f57-8cb5-e45b39771ac6',
        'Registan Courtyard House',
        'Spacious family house near historical center with private courtyard.',
        'Registan area, Samarkand',
        39.6542,
        66.9750,
        'house',
        7,
        4,
        2,
        920000,
        'UZS',
        180000,
        120000,
        '50% refund up to 7 days before check-in.',
        'Parties are not allowed.',
        4.7,
        19,
        'active',
        NOW(),
        NOW(),
        NULL
    ),
    (
        '49ac7ac8-a26d-430c-b2ae-bda840bfed54',
        '092ceb17-bcbb-42e7-9b0b-81456a49e82f',
        '89951fc3-2125-4151-a42f-e4393a2737b2',
        'a9b738d2-6932-4817-8f40-3030299213c6',
        'Emerald Villa Premium',
        'Private villa with pool, terrace and secure parking for premium stays.',
        'Qibray highway, near Tashkent',
        41.3800,
        69.3700,
        'villa',
        10,
        5,
        4,
        1800000,
        'UZS',
        280000,
        170000,
        'Strict: no refund after booking confirmation.',
        'Passport required at check-in.',
        4.9,
        34,
        'active',
        NOW(),
        NOW(),
        NULL
    ),
    (
        'd18f4a4e-c461-4aa7-90f4-f95edabf8801',
        'd21dc749-9708-4eda-b7d6-b180438e2fc3',
        'ce943de6-70c0-45cc-a545-ddad8f742551',
        '44af7d74-b713-42aa-b35d-e6c70a615640',
        'Ark Citadel Boutique Apartment',
        'Elegant apartment near Ark fortress with breakfast and private transfer.',
        'Boqiy Buxoro street, Bukhara',
        39.7747,
        64.4286,
        'apartment',
        3,
        1,
        1,
        780000,
        'UZS',
        90000,
        85000,
        'Free cancellation up to 3 days before check-in.',
        'No loud music after 23:00.',
        4.6,
        14,
        'active',
        NOW(),
        NOW(),
        NULL
    ),
    (
        'ca52f7d5-2858-4c53-ab3a-a7ce445ec396',
        'd21dc749-9708-4eda-b7d6-b180438e2fc3',
        '33a66b3a-c5eb-4b5f-96cd-a790b0fa2078',
        '8df4128b-9544-4f96-b451-7453d6b3a2c3',
        'Fergana Family House',
        'Comfortable family house with green yard and dedicated workspace.',
        'Margilon yo''li, Fergana',
        40.3842,
        71.7843,
        'house',
        8,
        4,
        2,
        870000,
        'UZS',
        160000,
        110000,
        '50% refund up to 5 days before check-in.',
        'Pets allowed only with prior notice.',
        4.5,
        11,
        'active',
        NOW(),
        NOW(),
        NULL
    ),
    (
        '7f1b454f-f2de-4fce-b908-0c8834344d5d',
        '092ceb17-bcbb-42e7-9b0b-81456a49e82f',
        '34d28d86-1003-4530-ab0c-9cb837d597bf',
        '2b4fef09-c105-4f57-8cb5-e45b39771ac6',
        'Silk Road Garden Villa',
        'Premium villa with private garden and heated pool in Samarkand.',
        'University boulevard, Samarkand',
        39.6668,
        66.9442,
        'villa',
        12,
        6,
        4,
        2150000,
        'UZS',
        300000,
        190000,
        'Strict: no refund after 24 hours from booking.',
        'Events are allowed only with written approval.',
        4.9,
        22,
        'active',
        NOW(),
        NOW(),
        NULL
    ),
    (
        'b5c9329f-ff60-4fbc-a09f-0b9256b7cbf7',
        'd21dc749-9708-4eda-b7d6-b180438e2fc3',
        '89951fc3-2125-4151-a42f-e4393a2737b2',
        'a9b738d2-6932-4817-8f40-3030299213c6',
        'Riverside Business Loft',
        'Business-friendly loft with fast internet and self check-in.',
        'Mirobod district, Tashkent',
        41.2995,
        69.2401,
        'apartment',
        2,
        1,
        1,
        590000,
        'UZS',
        70000,
        75000,
        'Free cancellation within 24 hours.',
        'No smoking and no parties.',
        4.4,
        31,
        'active',
        NOW(),
        NOW(),
        NULL
    ),
    (
        '39d50295-7ce5-4b1a-8ea5-7f06dcf6adef',
        'd21dc749-9708-4eda-b7d6-b180438e2fc3',
        'ce943de6-70c0-45cc-a545-ddad8f742551',
        '44af7d74-b713-42aa-b35d-e6c70a615640',
        'Old City Terrace House',
        'Traditional house with terrace and walking distance to old city monuments.',
        'Lyabi-Hauz area, Bukhara',
        39.7712,
        64.4219,
        'house',
        6,
        3,
        2,
        830000,
        'UZS',
        130000,
        100000,
        '70% refund up to 5 days before check-in.',
        'Shoes off inside the house.',
        4.7,
        17,
        'active',
        NOW(),
        NOW(),
        NULL
    )
ON CONFLICT (id) DO UPDATE
SET
    host_id = EXCLUDED.host_id,
    region_id = EXCLUDED.region_id,
    city_id = EXCLUDED.city_id,
    title = EXCLUDED.title,
    description = EXCLUDED.description,
    address = EXCLUDED.address,
    latitude = EXCLUDED.latitude,
    longitude = EXCLUDED.longitude,
    property_type = EXCLUDED.property_type,
    capacity = EXCLUDED.capacity,
    rooms = EXCLUDED.rooms,
    bathrooms = EXCLUDED.bathrooms,
    price_per_night = EXCLUDED.price_per_night,
    currency = EXCLUDED.currency,
    cleaning_fee = EXCLUDED.cleaning_fee,
    service_fee = EXCLUDED.service_fee,
    cancellation_policy = EXCLUDED.cancellation_policy,
    house_rules = EXCLUDED.house_rules,
    average_rating = EXCLUDED.average_rating,
    review_count = EXCLUDED.review_count,
    status = EXCLUDED.status,
    updated_at = NOW(),
    deleted_at = NULL;

INSERT INTO property_images (
    property_id,
    object_key,
    image_url,
    is_cover,
    sort_order,
    created_at,
    updated_at,
    deleted_at
)
VALUES
    ('44358eb3-0508-4436-b0d6-b8e51c97b281', 'properties/44358eb3/cover.jpg', 'https://images.unsplash.com/photo-1494526585095-c41746248156?auto=format&fit=crop&w=1400&q=80', TRUE, 1, NOW(), NOW(), NULL),
    ('44358eb3-0508-4436-b0d6-b8e51c97b281', 'properties/44358eb3/living.jpg', 'https://images.unsplash.com/photo-1484154218962-a197022b5858?auto=format&fit=crop&w=1400&q=80', FALSE, 2, NOW(), NOW(), NULL),
    ('236f0f39-bf4b-4f5c-9c55-5a82217e15fb', 'properties/236f0f39/cover.jpg', 'https://images.unsplash.com/photo-1512918728675-ed5a9ecdebfd?auto=format&fit=crop&w=1400&q=80', TRUE, 1, NOW(), NOW(), NULL),
    ('236f0f39-bf4b-4f5c-9c55-5a82217e15fb', 'properties/236f0f39/courtyard.jpg', 'https://images.unsplash.com/photo-1507089947368-19c1da9775ae?auto=format&fit=crop&w=1400&q=80', FALSE, 2, NOW(), NOW(), NULL),
    ('49ac7ac8-a26d-430c-b2ae-bda840bfed54', 'properties/49ac7ac8/cover.jpg', 'https://images.unsplash.com/photo-1613977257363-707ba9348227?auto=format&fit=crop&w=1400&q=80', TRUE, 1, NOW(), NOW(), NULL),
    ('49ac7ac8-a26d-430c-b2ae-bda840bfed54', 'properties/49ac7ac8/pool.jpg', 'https://images.unsplash.com/photo-1560185008-b033106af5c3?auto=format&fit=crop&w=1400&q=80', FALSE, 2, NOW(), NOW(), NULL),
    ('d18f4a4e-c461-4aa7-90f4-f95edabf8801', 'properties/d18f4a4e/cover.jpg', 'https://images.unsplash.com/photo-1505693416388-ac5ce068fe85?auto=format&fit=crop&w=1400&q=80', TRUE, 1, NOW(), NOW(), NULL),
    ('d18f4a4e-c461-4aa7-90f4-f95edabf8801', 'properties/d18f4a4e/interior.jpg', 'https://images.unsplash.com/photo-1616594039964-3f5f5f8b5f5a?auto=format&fit=crop&w=1400&q=80', FALSE, 2, NOW(), NOW(), NULL),
    ('ca52f7d5-2858-4c53-ab3a-a7ce445ec396', 'properties/ca52f7d5/cover.jpg', 'https://images.unsplash.com/photo-1564013799919-ab600027ffc6?auto=format&fit=crop&w=1400&q=80', TRUE, 1, NOW(), NOW(), NULL),
    ('ca52f7d5-2858-4c53-ab3a-a7ce445ec396', 'properties/ca52f7d5/garden.jpg', 'https://images.unsplash.com/photo-1600585154340-be6161a56a0c?auto=format&fit=crop&w=1400&q=80', FALSE, 2, NOW(), NOW(), NULL),
    ('7f1b454f-f2de-4fce-b908-0c8834344d5d', 'properties/7f1b454f/cover.jpg', 'https://images.unsplash.com/photo-1600607687939-ce8a6c25118c?auto=format&fit=crop&w=1400&q=80', TRUE, 1, NOW(), NOW(), NULL),
    ('7f1b454f-f2de-4fce-b908-0c8834344d5d', 'properties/7f1b454f/terrace.jpg', 'https://images.unsplash.com/photo-1600607688969-a5bfcd646154?auto=format&fit=crop&w=1400&q=80', FALSE, 2, NOW(), NOW(), NULL),
    ('b5c9329f-ff60-4fbc-a09f-0b9256b7cbf7', 'properties/b5c9329f/cover.jpg', 'https://images.unsplash.com/photo-1600210492486-724fe5c67fb3?auto=format&fit=crop&w=1400&q=80', TRUE, 1, NOW(), NOW(), NULL),
    ('b5c9329f-ff60-4fbc-a09f-0b9256b7cbf7', 'properties/b5c9329f/workspace.jpg', 'https://images.unsplash.com/photo-1497366754035-f200968a6e72?auto=format&fit=crop&w=1400&q=80', FALSE, 2, NOW(), NOW(), NULL),
    ('39d50295-7ce5-4b1a-8ea5-7f06dcf6adef', 'properties/39d50295/cover.jpg', 'https://images.unsplash.com/photo-1449844908441-8829872d2607?auto=format&fit=crop&w=1400&q=80', TRUE, 1, NOW(), NOW(), NULL),
    ('39d50295-7ce5-4b1a-8ea5-7f06dcf6adef', 'properties/39d50295/bedroom.jpg', 'https://images.unsplash.com/photo-1505691938895-1758d7feb511?auto=format&fit=crop&w=1400&q=80', FALSE, 2, NOW(), NOW(), NULL)
ON CONFLICT ON CONSTRAINT uq_property_image_sort DO UPDATE
SET
    object_key = EXCLUDED.object_key,
    image_url = EXCLUDED.image_url,
    is_cover = EXCLUDED.is_cover,
    updated_at = NOW(),
    deleted_at = NULL;

WITH pairs(property_id, amenity_code) AS (
    VALUES
        ('44358eb3-0508-4436-b0d6-b8e51c97b281'::UUID, 'wifi'),
        ('44358eb3-0508-4436-b0d6-b8e51c97b281'::UUID, 'air_conditioner'),
        ('44358eb3-0508-4436-b0d6-b8e51c97b281'::UUID, 'kitchen'),
        ('44358eb3-0508-4436-b0d6-b8e51c97b281'::UUID, 'washer'),
        ('44358eb3-0508-4436-b0d6-b8e51c97b281'::UUID, 'tv'),
        ('236f0f39-bf4b-4f5c-9c55-5a82217e15fb'::UUID, 'wifi'),
        ('236f0f39-bf4b-4f5c-9c55-5a82217e15fb'::UUID, 'parking'),
        ('236f0f39-bf4b-4f5c-9c55-5a82217e15fb'::UUID, 'kitchen'),
        ('236f0f39-bf4b-4f5c-9c55-5a82217e15fb'::UUID, 'tv'),
        ('49ac7ac8-a26d-430c-b2ae-bda840bfed54'::UUID, 'wifi'),
        ('49ac7ac8-a26d-430c-b2ae-bda840bfed54'::UUID, 'parking'),
        ('49ac7ac8-a26d-430c-b2ae-bda840bfed54'::UUID, 'pool'),
        ('49ac7ac8-a26d-430c-b2ae-bda840bfed54'::UUID, 'kitchen'),
        ('49ac7ac8-a26d-430c-b2ae-bda840bfed54'::UUID, 'air_conditioner'),
        ('d18f4a4e-c461-4aa7-90f4-f95edabf8801'::UUID, 'wifi'),
        ('d18f4a4e-c461-4aa7-90f4-f95edabf8801'::UUID, 'air_conditioner'),
        ('d18f4a4e-c461-4aa7-90f4-f95edabf8801'::UUID, 'tv'),
        ('ca52f7d5-2858-4c53-ab3a-a7ce445ec396'::UUID, 'wifi'),
        ('ca52f7d5-2858-4c53-ab3a-a7ce445ec396'::UUID, 'parking'),
        ('ca52f7d5-2858-4c53-ab3a-a7ce445ec396'::UUID, 'workspace'),
        ('7f1b454f-f2de-4fce-b908-0c8834344d5d'::UUID, 'wifi'),
        ('7f1b454f-f2de-4fce-b908-0c8834344d5d'::UUID, 'pool'),
        ('7f1b454f-f2de-4fce-b908-0c8834344d5d'::UUID, 'parking'),
        ('7f1b454f-f2de-4fce-b908-0c8834344d5d'::UUID, 'kitchen'),
        ('b5c9329f-ff60-4fbc-a09f-0b9256b7cbf7'::UUID, 'wifi'),
        ('b5c9329f-ff60-4fbc-a09f-0b9256b7cbf7'::UUID, 'workspace'),
        ('b5c9329f-ff60-4fbc-a09f-0b9256b7cbf7'::UUID, 'air_conditioner'),
        ('39d50295-7ce5-4b1a-8ea5-7f06dcf6adef'::UUID, 'wifi'),
        ('39d50295-7ce5-4b1a-8ea5-7f06dcf6adef'::UUID, 'kitchen'),
        ('39d50295-7ce5-4b1a-8ea5-7f06dcf6adef'::UUID, 'tv')
)
INSERT INTO property_amenities (id, property_id, amenity_id, created_at, updated_at, deleted_at)
SELECT
    gen_random_uuid(),
    pairs.property_id,
    a.id,
    NOW(),
    NOW(),
    NULL
FROM pairs
JOIN amenities AS a ON a.code = pairs.amenity_code
ON CONFLICT ON CONSTRAINT uq_property_amenity DO UPDATE
SET
    updated_at = NOW(),
    deleted_at = NULL;
